<?xml version="1.0" encoding="UTF-8"?>

<main>
  <tutorial name="Familiarisation ">
    <item name="Exercise 1: Hello World" type="0">
      <h src=""/>
      <cpp src="0_0_cpp.txt"/>
      <code src=""/>
    </item>
    <item name="Exercise 2: Test Tone" type="0">
      <h src=""/>
      <cpp src="0_1_cpp.txt"/>
      <code src=""/>
    </item>
    <item name="Exercise 3: Sequential Programming" type="0">
      <h src=""/>
      <cpp src="0_2_cpp.txt"/>
      <code src=""/>
    </item>
    <item name="Exercise 4: Programming Chords" type="0">
      <h src=""/>
      <cpp src=""/>
      <code src=""/>
    </item>
    <item name="Challenge Exercise: Mario Theme" type="0">
      <h src=""/>
      <cpp src=""/>
      <code src=""/>
    </item>
    <item name="Homework Exercise:" type="0">
      <h src=""/>
      <cpp src=""/>
      <code src=""/>
    </item>
  </tutorial>
  <tutorial name="Variables and Program Input/Output">
    <item name="Exercise 1: Basic input" type="0">
      <h src=""/>
      <cpp src=""/>
      <code src=""/>
    </item>
    <item name="Exercise 2: Frequency Input Into Aserve" type="0">
      <h src=""/>
      <cpp src=""/>
      <code src=""/>
    </item>
    <item name="Exercise 3: Adding Amplitude Control" type="0">
      <h src=""/>
      <cpp src=""/>
      <code src=""/>
    </item>
    <item name="Exercise 4: Loops" type="0">
      <h src=""/>
      <cpp src=""/>
      <code src=""/>
    </item>
    <item name="Challange Exercise: Simple Average" type="0">
      <h src=""/>
      <cpp src=""/>
      <code src=""/>
    </item>
    <item name="Homework Exercise:" type="0">
      <h src=""/>
      <cpp src=""/>
      <code src=""/>
    </item>
  </tutorial>
  <tutorial name="Processing MIDI input">
    <item name="Exercise 1: Basic Input" type="1">
      <h src=""/>
      <cpp src=""/>
      <code src=""/>
    </item>
    <item name="Exercise 2: Printing Values For Octave and Pitch" type="1">
      <h src=""/>
      <cpp src=""/>
      <code src=""/>
    </item>
    <item name="Exercise 3: Our First Mono Synthesizer" type="1">
      <h src=""/>
      <cpp src=""/>
      <code src=""/>
    </item>
    <item name="Exercise 4: Filter Control" type="1">
      <h src=""/>
      <cpp src=""/>
      <code src=""/>
    </item>
    <item name="Challenge Exercise: Better Filter Control" type="1">
      <h src=""/>
      <cpp src=""/>
      <code src=""/>
    </item>
    <item name="Homework Exercise:" type="0">
      <h src=""/>
      <cpp src=""/>
      <code src=""/>
    </item>
  </tutorial>
  <tutorial name="Flow Control">
    <item name="Exercise 1: Selective Mono Synth " type="1">
      <h src="3_0_h.txt"/>
      <cpp src="3_0_cpp.txt"/>
      <code src=""/>
    </item>
    <item name="Exercise 2: Mono Synth on/off State" type="1">
      <h src="3_1_h.txt"/>
      <cpp src="3_1_cpp.txt"/>
      <code src=""/>
    </item>
    <item name="Exercise 3: Sampler" type="1">
      <h src="3_2_h.txt"/>
      <cpp src="3_2_cpp.txt"/>
      <code src=""/>
    </item>
    <item name="Exercise 4: Fixing The Drum Sampler" type="1">
      <h src="3_3_h.txt"/>
      <cpp src="3_3_cpp.txt"/>
      <code src=""/>
    </item>
    <item name="Debug Exercise: Fixed Program" type="1">
      <h src="3_4_h.txt"/>
      <cpp src="3_4_cpp.txt"/>
      <code src=""/>
    </item>
  </tutorial>
  <tutorial name="Functions I">
    <item name="Exercise 1: Our First Function" type="1">
      <h src="4_0_h.txt"/>
      <cpp src="4_0_cpp.txt"/>
      <code src=""/>
    </item>
    <item name="Exercise 2: mtof function" type="1">
      <h src="4_1_h.txt"/>
      <cpp src="4_1_cpp.txt"/>
      <code src=""/>
    </item>
    <item name="Exercise 3: Chord Machine" type="1">
      <h src="4_2_h.txt"/>
      <cpp src="4_2_cpp.txt"/>
      <code src=""/>
    </item>
    <item name="Exercise 4: More Chords" type="1">
      <h src="4_3_h.txt"/>
      <cpp src="4_3_cpp.txt"/>
      <code src=""/>
    </item>
    <item name="Challenge Exercise: Adding Velocity Control" type="1">
      <h src="4_4_h.txt"/>
      <cpp src="4_4_cpp.txt"/>
      <code src=""/>
    </item>
    <item name="Debug Exercise:" type="1">
      <h src=""/>
      <cpp src="4_5_cpp.txt"/>
      <code src=""/>
    </item>
  </tutorial>
  <tutorial name="Functions II">
    <item name="Exercise 1: Variable Scope" type="1">
      <h src="5_0_h.txt"/>
      <cpp src="5_0_cpp.txt"/>
      <code src=""/>
    </item>
    <item name="Exercise 2: Printing Address" type="1">
      <h src=""/>
      <cpp src="5_1_cpp.txt"/>
      <code src=""/>
    </item>
    <item name="Exercise 3: Shared Variables" type="1">
      <h src="5_2_h.txt"/>
      <cpp src="5_2_cpp.txt"/>
      <code src=""/>
    </item>
    <item name="Exercise 4: Fix noteoff" type="1">
      <h src="5_3_h.txt"/>
      <cpp src="5_3_cpp.txt"/>
      <code src=""/>
    </item>
    <item name="Debug Exercise:" type="1">
      <h src=""/>
      <cpp src=""/>
      <code src=""/>
    </item>
    <item name="Challenge Exercise: Pitch bend" type="1">
      <h src="5_5_h.txt"/>
      <cpp src="5_5_cpp.txt"/>
      <code src=""/>
    </item>
  </tutorial>
  <tutorial name="Switch Case and Combinational if Statements">
    <item name="Exercise 1: Program Exit" type="1">
      <h src="6_0_h.txt"/>
      <cpp src="6_0_cpp.txt"/>
      <code src=""/>
    </item>
    <item name="Exercise 2: Using Strings" type="1">
      <h src="6_1_h.txt"/>
      <cpp src="6_1_cpp.txt"/>
      <code src=""/>
    </item>
    <item name="Exercise 3: Logical Operations" type="1">
      <h src=""/>
      <cpp src=""/>
      <code src=""/>
    </item>
    <item name="Exercise 4: Scale Quantization" type="1">
      <h src="6_3_h.txt"/>
      <cpp src="6_3_cpp.txt"/>
      <code src=""/>
    </item>
    <item name="Exercise 5: A Second Scale" type="1">
      <h src="6_4_h.txt"/>
      <cpp src="6_4_cpp.txt"/>
      <code src=""/>
    </item>
    <item name="Challenge Exercise: Refactoring" type="1">
      <h src="6_5_h.txt"/>
      <cpp src="6_5_cpp.txt"/>
      <code src=""/>
    </item>
    <item name="Debug Exercise:" type="1">
      <h src=""/>
      <cpp src=""/>
      <code src=""/>
    </item>
  </tutorial>
  <tutorial name="Flow Control: Loops">
    <item name="Exercise 1: High Frequency Test" type="1">
      <h src="7_0_h.txt"/>
      <cpp src="7_0_cpp.txt"/>
      <code src=""/>
    </item>
    <item name="Exercise 2: High Frequency Test 2" type="1">
      <h src="7_1_h.txt"/>
      <cpp src="7_1_cpp.txt"/>
      <code src=""/>
    </item>
    <item name="Exercise 3 : High Frequency Test 3" type="1">
      <h src="7_2_h.txt"/>
      <cpp src="7_2_cpp.txt"/>
      <code src=""/>
    </item>
    <item name="Exercise 4: For loop MIDI &#8211; Frequency Table" type="1">
      <h src="7_3_h.txt"/>
      <cpp src="7_3_cpp.txt"/>
      <code src=""/>
    </item>
    <item name="Challenge Exercise: Making a saw wave from sine waves"
          type="1">
      <h src="7_4_h.txt"/>
      <cpp src="7_4_cpp.txt"/>
      <code src=""/>
    </item>
    <item name="Debug Exercise:" type="1">
      <h src=""/>
      <cpp src=""/>
      <code src=""/>
    </item>
  </tutorial>
  <tutorial name="Extra">
    <item name="Custom Entry 1" type="3">
      <h src=""/>
      <cpp src=""/>
      <code src=""/>
    </item>
  </tutorial>
</main>
